{
	"axis2" : {
		"__type" : "Vector3",
		"value" : {
			"x" : 0.000571384444,
			"y" : -0.00143611908,
			"z" : 0.254500926
		}
	},
	"axis4" : {
		"__type" : "Vector3",
		"value" : {
			"x" : -8.18366347E-11,
			"y" : 0.7595,
			"z" : 9.12852045E-07
		}
	},
	"axis3" : {
		"__type" : "Vector3",
		"value" : {
			"x" : 5.13129256E-15,
			"y" : 0.868563652,
			"z" : -7.020154E-11
		}
	},
	"axis1" : {
		"__type" : "Vector3",
		"value" : {
			"x" : 0.295,
			"y" : 0.291400015,
			"z" : -0.745
		}
	},
	"fanuc" : {
		"__type" : "Vector3",
		"value" : {
			"x" : 0,
			"y" : 0.021,
			"z" : 0.2
		}
	},
	"cube" : {
		"__type" : "Vector3",
		"value" : {
			"x" : -83.43,
			"y" : -548.81,
			"z" : 787.26
		}
	}
}